OrderID,Courier,Region,DeliveryDays,DeliveryStatus,DelayReason
O1000,SpeedyMove,West,5.9,Delayed,Weather
O1001,LogiTrack,West,7.8,Delayed,Weather
O1002,QuickLogix,West,3.7,On-Time,
O1003,LogiTrack,West,2.4,On-Time,
O1004,LogiTrack,Central,4.4,Delayed,High Volume
O1005,FastShip,Central,8.4,On-Time,
O1006,QuickLogix,South,3.3,On-Time,
O1007,QuickLogix,North,7.0,On-Time,
O1008,QuickLogix,West,7.0,On-Time,
O1009,LogiTrack,South,3.7,On-Time,
O1010,SpeedyMove,North,5.4,On-Time,
O1011,QuickLogix,East,6.9,Delayed,Logistics Issue
O1012,LogiTrack,Central,3.9,On-Time,
O1013,FastShip,North,4.2,On-Time,
O1014,SpeedyMove,East,3.6,On-Time,
O1015,FastShip,North,3.0,On-Time,
O1016,SpeedyMove,Central,3.5,On-Time,
O1017,LogiTrack,Central,2.7,On-Time,
O1018,CourierX,South,4.6,Delayed,Logistics Issue
O1019,SpeedyMove,West,3.3,On-Time,
O1020,FastShip,North,4.9,Delayed,Logistics Issue
O1021,LogiTrack,North,2.2,On-Time,
O1022,SpeedyMove,East,5.0,On-Time,
O1023,CourierX,Central,5.8,On-Time,
O1024,CourierX,North,1.5,On-Time,
O1025,QuickLogix,Central,5.1,On-Time,
O1026,QuickLogix,North,6.3,On-Time,
O1027,FastShip,South,2.7,On-Time,
O1028,SpeedyMove,West,7.0,Delayed,Weather
O1029,SpeedyMove,North,5.1,Delayed,Courier Delay
O1030,QuickLogix,Central,3.4,Delayed,Weather
O1031,SpeedyMove,South,4.4,On-Time,
O1032,SpeedyMove,North,5.3,Delayed,Courier Delay
O1033,CourierX,East,4.6,On-Time,
O1034,QuickLogix,West,5.3,On-Time,
O1035,LogiTrack,North,3.1,On-Time,
O1036,QuickLogix,South,4.8,On-Time,
O1037,LogiTrack,East,2.4,On-Time,
O1038,CourierX,South,4.3,On-Time,
O1039,FastShip,South,3.1,Delayed,Customs
O1040,SpeedyMove,East,3.4,On-Time,
O1041,CourierX,South,6.4,On-Time,
O1042,SpeedyMove,East,6.1,On-Time,
O1043,FastShip,North,5.4,Delayed,Weather
O1044,FastShip,East,2.9,On-Time,
O1045,CourierX,East,4.0,On-Time,
O1046,FastShip,West,6.3,Delayed,Weather
O1047,LogiTrack,East,4.7,Delayed,Weather
O1048,FastShip,East,8.0,On-Time,
O1049,SpeedyMove,North,5.1,On-Time,
O1050,SpeedyMove,West,4.8,On-Time,
O1051,SpeedyMove,Central,4.0,On-Time,
O1052,SpeedyMove,North,4.7,On-Time,
O1053,LogiTrack,North,4.3,Delayed,Logistics Issue
O1054,QuickLogix,Central,5.6,On-Time,
O1055,CourierX,East,5.9,On-Time,
O1056,SpeedyMove,South,3.3,On-Time,
O1057,FastShip,West,2.5,On-Time,
O1058,SpeedyMove,South,1.7,On-Time,
O1059,FastShip,Central,5.3,On-Time,
O1060,FastShip,North,2.8,On-Time,
O1061,SpeedyMove,North,1.3,On-Time,
O1062,LogiTrack,West,5.1,On-Time,
O1063,FastShip,North,8.2,On-Time,
O1064,FastShip,North,4.5,Delayed,Logistics Issue
O1065,SpeedyMove,West,5.8,On-Time,
O1066,FastShip,West,4.6,On-Time,
O1067,FastShip,Central,4.4,On-Time,
O1068,SpeedyMove,North,5.9,On-Time,
O1069,SpeedyMove,North,4.1,On-Time,
O1070,CourierX,Central,4.9,On-Time,
O1071,LogiTrack,East,5.0,Delayed,Courier Delay
O1072,LogiTrack,East,3.5,On-Time,
O1073,FastShip,East,6.0,On-Time,
O1074,LogiTrack,Central,4.2,On-Time,
O1075,FastShip,North,3.4,Delayed,Courier Delay
O1076,CourierX,Central,5.3,On-Time,
O1077,SpeedyMove,Central,3.2,On-Time,
O1078,SpeedyMove,East,4.5,On-Time,
O1079,SpeedyMove,South,4.5,On-Time,
O1080,LogiTrack,North,6.1,Delayed,Weather
O1081,CourierX,East,5.2,On-Time,
O1082,LogiTrack,South,4.5,On-Time,
O1083,LogiTrack,South,5.7,Delayed,Courier Delay
O1084,CourierX,West,6.6,Delayed,Logistics Issue
O1085,CourierX,North,5.3,Delayed,Courier Delay
O1086,CourierX,South,4.5,On-Time,
O1087,CourierX,East,2.5,On-Time,
O1088,SpeedyMove,West,2.9,On-Time,
O1089,QuickLogix,North,4.0,On-Time,
O1090,QuickLogix,Central,3.6,On-Time,
O1091,CourierX,East,4.2,On-Time,
O1092,QuickLogix,South,4.6,On-Time,
O1093,QuickLogix,South,5.3,On-Time,
O1094,CourierX,East,4.4,Delayed,Customs
O1095,QuickLogix,South,5.2,On-Time,
O1096,LogiTrack,West,4.6,Delayed,Logistics Issue
O1097,FastShip,North,1.5,On-Time,
O1098,FastShip,West,3.1,On-Time,
O1099,CourierX,South,4.3,On-Time,
O1100,SpeedyMove,Central,2.7,On-Time,
O1101,CourierX,North,5.4,On-Time,
O1102,SpeedyMove,North,6.8,On-Time,
O1103,FastShip,East,6.3,On-Time,
O1104,CourierX,East,4.2,On-Time,
O1105,LogiTrack,Central,6.7,On-Time,
O1106,QuickLogix,North,4.7,On-Time,
O1107,SpeedyMove,Central,4.0,Delayed,Customs
O1108,QuickLogix,East,3.6,Delayed,Courier Delay
O1109,QuickLogix,East,4.0,On-Time,
O1110,CourierX,North,3.9,On-Time,
O1111,QuickLogix,West,4.8,On-Time,
O1112,LogiTrack,South,4.7,Delayed,High Volume
O1113,QuickLogix,East,4.5,On-Time,
O1114,CourierX,East,5.2,On-Time,
O1115,LogiTrack,West,6.3,Delayed,Weather
O1116,FastShip,West,5.9,On-Time,
O1117,QuickLogix,Central,2.3,Delayed,Logistics Issue
O1118,CourierX,Central,1.0,On-Time,
O1119,FastShip,South,5.9,On-Time,
O1120,FastShip,South,2.4,On-Time,
O1121,SpeedyMove,North,4.2,Delayed,Customs
O1122,LogiTrack,Central,2.7,Delayed,High Volume
O1123,QuickLogix,East,1.8,On-Time,
O1124,CourierX,Central,5.3,On-Time,
O1125,SpeedyMove,East,5.6,On-Time,
O1126,LogiTrack,West,3.6,Delayed,High Volume
O1127,SpeedyMove,Central,1.0,On-Time,
O1128,LogiTrack,West,3.7,On-Time,
O1129,LogiTrack,South,5.1,On-Time,
O1130,QuickLogix,South,2.3,Delayed,Logistics Issue
O1131,LogiTrack,North,4.8,On-Time,
O1132,SpeedyMove,Central,4.5,On-Time,
O1133,LogiTrack,West,5.4,On-Time,
O1134,QuickLogix,East,4.7,Delayed,Logistics Issue
O1135,QuickLogix,South,3.0,On-Time,
O1136,SpeedyMove,South,6.3,On-Time,
O1137,FastShip,East,4.3,Delayed,High Volume
O1138,FastShip,West,4.5,On-Time,
O1139,LogiTrack,West,3.1,On-Time,
O1140,CourierX,Central,3.8,On-Time,
O1141,LogiTrack,Central,3.2,Delayed,Weather
O1142,SpeedyMove,North,4.2,On-Time,
O1143,SpeedyMove,South,7.1,Delayed,Weather
O1144,SpeedyMove,Central,2.4,On-Time,
O1145,SpeedyMove,West,2.1,On-Time,
O1146,SpeedyMove,East,6.7,On-Time,
O1147,QuickLogix,West,4.2,Delayed,Customs
O1148,FastShip,South,3.5,On-Time,
O1149,SpeedyMove,West,6.1,Delayed,Weather
O1150,CourierX,North,3.6,On-Time,
O1151,CourierX,South,7.2,On-Time,
O1152,CourierX,East,5.5,On-Time,
O1153,CourierX,North,3.8,Delayed,High Volume
O1154,QuickLogix,South,7.7,On-Time,
O1155,CourierX,East,3.6,On-Time,
O1156,SpeedyMove,North,5.6,On-Time,
O1157,LogiTrack,North,4.9,Delayed,High Volume
O1158,CourierX,South,6.5,On-Time,
O1159,QuickLogix,Central,6.8,Delayed,Courier Delay
O1160,QuickLogix,North,4.5,On-Time,
O1161,CourierX,North,3.4,On-Time,
O1162,LogiTrack,East,5.2,On-Time,
O1163,CourierX,West,3.5,Delayed,High Volume
O1164,QuickLogix,South,7.5,Delayed,Weather
O1165,FastShip,South,4.7,On-Time,
O1166,SpeedyMove,Central,4.0,On-Time,
O1167,QuickLogix,Central,4.8,On-Time,
O1168,CourierX,South,2.5,On-Time,
O1169,SpeedyMove,Central,3.0,On-Time,
O1170,CourierX,East,6.3,On-Time,
O1171,CourierX,South,3.5,On-Time,
O1172,FastShip,Central,2.9,On-Time,
O1173,SpeedyMove,South,5.3,On-Time,
O1174,SpeedyMove,West,6.3,On-Time,
O1175,FastShip,North,5.6,On-Time,
O1176,QuickLogix,South,6.0,On-Time,
O1177,CourierX,North,3.4,Delayed,Customs
O1178,LogiTrack,Central,2.4,On-Time,
O1179,CourierX,North,6.8,On-Time,
O1180,CourierX,South,4.0,On-Time,
O1181,QuickLogix,West,4.1,On-Time,
O1182,CourierX,Central,6.5,On-Time,
O1183,FastShip,South,5.3,On-Time,
O1184,FastShip,Central,5.2,Delayed,Courier Delay
O1185,SpeedyMove,East,7.7,On-Time,
O1186,LogiTrack,North,3.5,On-Time,
O1187,CourierX,East,5.9,On-Time,
O1188,CourierX,South,4.6,On-Time,
O1189,QuickLogix,West,4.9,On-Time,
O1190,FastShip,Central,6.8,On-Time,
O1191,LogiTrack,North,5.3,On-Time,
O1192,SpeedyMove,Central,5.3,On-Time,
O1193,FastShip,South,6.1,On-Time,
O1194,SpeedyMove,Central,4.0,On-Time,
O1195,QuickLogix,North,3.2,Delayed,Weather
O1196,QuickLogix,South,2.9,On-Time,
O1197,CourierX,Central,1.6,On-Time,
O1198,LogiTrack,West,7.6,On-Time,
O1199,SpeedyMove,South,2.8,Delayed,Customs
O1200,FastShip,South,4.2,On-Time,
O1201,QuickLogix,West,4.1,On-Time,
O1202,CourierX,East,5.0,On-Time,
O1203,CourierX,North,5.7,On-Time,
O1204,SpeedyMove,East,5.8,On-Time,
O1205,QuickLogix,Central,3.6,On-Time,
O1206,LogiTrack,West,4.2,On-Time,
O1207,QuickLogix,East,4.9,On-Time,
O1208,SpeedyMove,South,4.1,On-Time,
O1209,SpeedyMove,Central,6.9,On-Time,
O1210,QuickLogix,Central,5.2,On-Time,
O1211,SpeedyMove,East,5.6,On-Time,
O1212,QuickLogix,East,5.5,On-Time,
O1213,FastShip,West,6.3,Delayed,Weather
O1214,QuickLogix,North,4.8,On-Time,
O1215,QuickLogix,East,2.6,On-Time,
O1216,SpeedyMove,East,5.1,On-Time,
O1217,SpeedyMove,South,3.5,Delayed,Courier Delay
O1218,CourierX,Central,3.7,On-Time,
O1219,CourierX,North,5.4,On-Time,
O1220,FastShip,South,6.4,On-Time,
O1221,CourierX,West,4.5,On-Time,
O1222,QuickLogix,West,5.0,On-Time,
O1223,SpeedyMove,East,7.1,On-Time,
O1224,CourierX,East,4.9,On-Time,
O1225,CourierX,West,8.4,Delayed,High Volume
O1226,FastShip,East,5.3,On-Time,
O1227,FastShip,North,1.9,On-Time,
O1228,QuickLogix,East,5.6,On-Time,
O1229,SpeedyMove,Central,5.1,On-Time,
O1230,FastShip,East,6.4,On-Time,
O1231,CourierX,South,5.5,On-Time,
O1232,SpeedyMove,North,4.3,On-Time,
O1233,SpeedyMove,South,2.7,Delayed,Courier Delay
O1234,CourierX,South,4.2,Delayed,High Volume
O1235,FastShip,Central,3.2,On-Time,
O1236,CourierX,North,3.6,On-Time,
O1237,SpeedyMove,North,5.4,Delayed,Courier Delay
O1238,LogiTrack,North,7.0,On-Time,
O1239,LogiTrack,North,5.1,Delayed,Logistics Issue
O1240,QuickLogix,North,2.7,On-Time,
O1241,CourierX,Central,5.2,On-Time,
O1242,CourierX,East,6.3,On-Time,
O1243,QuickLogix,South,3.6,On-Time,
O1244,QuickLogix,North,4.3,On-Time,
O1245,QuickLogix,East,4.5,On-Time,
O1246,SpeedyMove,East,3.3,On-Time,
O1247,CourierX,South,5.5,On-Time,
O1248,SpeedyMove,Central,4.3,On-Time,
O1249,QuickLogix,West,5.1,Delayed,Weather
O1250,CourierX,West,3.2,On-Time,
O1251,SpeedyMove,East,3.8,Delayed,Weather
O1252,SpeedyMove,South,5.6,On-Time,
O1253,QuickLogix,West,3.9,On-Time,
O1254,CourierX,East,7.1,Delayed,Logistics Issue
O1255,QuickLogix,Central,3.9,On-Time,
O1256,CourierX,West,4.8,On-Time,
O1257,LogiTrack,East,5.9,On-Time,
O1258,FastShip,East,2.4,On-Time,
O1259,FastShip,North,1.9,On-Time,
O1260,FastShip,Central,2.2,Delayed,High Volume
O1261,QuickLogix,North,6.4,On-Time,
O1262,LogiTrack,South,3.7,On-Time,
O1263,CourierX,North,8.3,On-Time,
O1264,SpeedyMove,North,3.7,On-Time,
O1265,CourierX,West,4.8,On-Time,
O1266,SpeedyMove,East,6.8,On-Time,
O1267,CourierX,Central,7.5,On-Time,
O1268,LogiTrack,North,7.6,On-Time,
O1269,SpeedyMove,Central,6.3,On-Time,
O1270,QuickLogix,North,6.0,On-Time,
O1271,CourierX,South,5.4,On-Time,
O1272,CourierX,North,5.7,On-Time,
O1273,SpeedyMove,West,3.7,Delayed,Weather
O1274,QuickLogix,East,3.3,On-Time,
O1275,QuickLogix,South,4.5,On-Time,
O1276,LogiTrack,North,4.2,On-Time,
O1277,QuickLogix,Central,3.8,On-Time,
O1278,QuickLogix,South,5.5,On-Time,
O1279,QuickLogix,South,5.9,On-Time,
O1280,FastShip,North,4.6,On-Time,
O1281,LogiTrack,South,6.7,On-Time,
O1282,CourierX,Central,2.8,On-Time,
O1283,SpeedyMove,South,4.2,On-Time,
O1284,CourierX,Central,3.4,On-Time,
O1285,LogiTrack,North,1.7,On-Time,
O1286,SpeedyMove,East,4.4,Delayed,Logistics Issue
O1287,LogiTrack,South,4.3,Delayed,Weather
O1288,QuickLogix,East,6.8,Delayed,Customs
O1289,SpeedyMove,Central,5.4,Delayed,High Volume
O1290,QuickLogix,South,3.0,Delayed,Customs
O1291,CourierX,West,7.3,On-Time,
O1292,CourierX,East,6.3,On-Time,
O1293,SpeedyMove,South,5.4,On-Time,
O1294,SpeedyMove,East,4.2,On-Time,
O1295,LogiTrack,South,3.1,On-Time,
O1296,LogiTrack,North,3.9,On-Time,
O1297,QuickLogix,East,6.1,On-Time,
O1298,SpeedyMove,West,7.3,On-Time,
O1299,CourierX,West,6.8,Delayed,High Volume
O1300,LogiTrack,Central,3.8,On-Time,
O1301,LogiTrack,South,2.8,On-Time,
O1302,CourierX,East,4.7,On-Time,
O1303,LogiTrack,Central,1.8,On-Time,
O1304,QuickLogix,East,5.0,Delayed,Logistics Issue
O1305,SpeedyMove,South,4.3,On-Time,
O1306,CourierX,West,3.8,Delayed,High Volume
O1307,SpeedyMove,North,2.1,On-Time,
O1308,LogiTrack,West,5.3,On-Time,
O1309,LogiTrack,Central,3.7,On-Time,
O1310,CourierX,North,2.7,On-Time,
O1311,QuickLogix,Central,1.0,On-Time,
O1312,FastShip,South,4.5,On-Time,
O1313,CourierX,North,7.2,On-Time,
O1314,FastShip,Central,7.0,Delayed,High Volume
O1315,FastShip,South,3.8,On-Time,
O1316,QuickLogix,West,3.6,Delayed,Logistics Issue
O1317,FastShip,South,5.2,On-Time,
O1318,FastShip,East,3.0,On-Time,
O1319,QuickLogix,South,5.0,On-Time,
O1320,FastShip,South,5.6,On-Time,
O1321,FastShip,East,6.3,On-Time,
O1322,FastShip,Central,4.3,On-Time,
O1323,CourierX,Central,4.2,On-Time,
O1324,CourierX,South,3.2,Delayed,High Volume
O1325,CourierX,East,3.3,On-Time,
O1326,QuickLogix,East,4.2,On-Time,
O1327,LogiTrack,West,5.1,On-Time,
O1328,FastShip,Central,5.9,On-Time,
O1329,FastShip,North,3.3,On-Time,
O1330,QuickLogix,Central,6.7,On-Time,
O1331,FastShip,Central,4.1,On-Time,
O1332,CourierX,West,4.5,On-Time,
O1333,LogiTrack,North,3.4,On-Time,
O1334,SpeedyMove,West,1.0,On-Time,
O1335,FastShip,North,5.8,Delayed,Weather
O1336,CourierX,South,5.6,Delayed,Courier Delay
O1337,SpeedyMove,North,4.1,On-Time,
O1338,LogiTrack,West,4.6,On-Time,
O1339,SpeedyMove,Central,5.3,On-Time,
O1340,CourierX,North,2.2,On-Time,
O1341,SpeedyMove,North,3.7,On-Time,
O1342,QuickLogix,East,5.7,On-Time,
O1343,SpeedyMove,Central,2.6,On-Time,
O1344,FastShip,South,4.9,On-Time,
O1345,FastShip,West,2.5,On-Time,
O1346,QuickLogix,South,5.2,Delayed,Logistics Issue
O1347,CourierX,Central,4.4,Delayed,Courier Delay
O1348,FastShip,North,2.1,On-Time,
O1349,LogiTrack,North,6.2,Delayed,Logistics Issue
O1350,FastShip,Central,3.4,Delayed,Logistics Issue
O1351,FastShip,North,3.3,On-Time,
O1352,CourierX,North,4.8,On-Time,
O1353,SpeedyMove,North,6.2,On-Time,
O1354,FastShip,West,3.0,Delayed,Customs
O1355,QuickLogix,West,4.6,Delayed,Customs
O1356,SpeedyMove,East,5.1,On-Time,
O1357,LogiTrack,South,5.5,On-Time,
O1358,CourierX,Central,4.8,On-Time,
O1359,LogiTrack,Central,3.9,On-Time,
O1360,SpeedyMove,Central,3.3,On-Time,
O1361,SpeedyMove,East,4.6,Delayed,High Volume
O1362,SpeedyMove,West,2.9,On-Time,
O1363,LogiTrack,East,1.0,Delayed,Courier Delay
O1364,SpeedyMove,Central,5.2,Delayed,Logistics Issue
O1365,LogiTrack,South,5.9,On-Time,
O1366,SpeedyMove,North,1.0,On-Time,
O1367,QuickLogix,West,3.0,On-Time,
O1368,SpeedyMove,West,5.4,On-Time,
O1369,LogiTrack,East,7.6,On-Time,
O1370,FastShip,West,4.5,On-Time,
O1371,SpeedyMove,Central,3.4,On-Time,
O1372,FastShip,Central,4.2,On-Time,
O1373,QuickLogix,East,6.6,On-Time,
O1374,CourierX,Central,3.5,On-Time,
O1375,QuickLogix,South,3.3,On-Time,
O1376,SpeedyMove,East,3.8,On-Time,
O1377,FastShip,South,3.1,On-Time,
O1378,FastShip,North,4.7,On-Time,
O1379,LogiTrack,South,6.9,On-Time,
O1380,FastShip,North,5.0,On-Time,
O1381,LogiTrack,North,4.1,On-Time,
O1382,CourierX,South,4.1,On-Time,
O1383,SpeedyMove,East,2.2,Delayed,High Volume
O1384,LogiTrack,Central,5.8,On-Time,
O1385,CourierX,Central,4.4,On-Time,
O1386,FastShip,North,4.2,On-Time,
O1387,FastShip,North,9.3,On-Time,
O1388,CourierX,East,4.9,On-Time,
O1389,FastShip,West,3.4,On-Time,
O1390,CourierX,South,3.9,On-Time,
O1391,LogiTrack,North,6.2,On-Time,
O1392,LogiTrack,Central,4.7,On-Time,
O1393,CourierX,East,2.3,On-Time,
O1394,LogiTrack,South,5.9,On-Time,
O1395,LogiTrack,East,3.5,Delayed,Weather
O1396,LogiTrack,South,7.3,On-Time,
O1397,QuickLogix,South,6.1,On-Time,
O1398,SpeedyMove,North,3.8,On-Time,
O1399,FastShip,East,6.4,On-Time,
O1400,QuickLogix,East,4.6,On-Time,
O1401,LogiTrack,Central,5.8,On-Time,
O1402,CourierX,Central,5.2,On-Time,
O1403,LogiTrack,North,3.2,On-Time,
O1404,SpeedyMove,North,3.5,On-Time,
O1405,LogiTrack,West,6.0,On-Time,
O1406,CourierX,Central,4.0,Delayed,Logistics Issue
O1407,SpeedyMove,South,3.9,On-Time,
O1408,LogiTrack,East,3.1,On-Time,
O1409,SpeedyMove,North,5.1,On-Time,
O1410,FastShip,East,7.6,On-Time,
O1411,FastShip,East,2.9,On-Time,
O1412,LogiTrack,West,4.5,On-Time,
O1413,SpeedyMove,Central,6.6,On-Time,
O1414,CourierX,North,4.4,On-Time,
O1415,LogiTrack,East,5.2,On-Time,
O1416,FastShip,North,2.9,On-Time,
O1417,FastShip,South,5.1,Delayed,Weather
O1418,LogiTrack,West,4.2,On-Time,
O1419,SpeedyMove,South,6.0,On-Time,
O1420,FastShip,North,6.3,On-Time,
O1421,SpeedyMove,North,8.4,On-Time,
O1422,FastShip,Central,5.4,Delayed,High Volume
O1423,FastShip,East,5.0,On-Time,
O1424,QuickLogix,East,4.8,On-Time,
O1425,FastShip,South,4.0,On-Time,
O1426,CourierX,West,5.0,On-Time,
O1427,LogiTrack,East,4.1,On-Time,
O1428,LogiTrack,Central,4.8,On-Time,
O1429,SpeedyMove,South,6.5,On-Time,
O1430,FastShip,South,3.0,On-Time,
O1431,CourierX,Central,6.2,On-Time,
O1432,SpeedyMove,West,6.5,Delayed,Customs
O1433,QuickLogix,Central,4.3,Delayed,High Volume
O1434,SpeedyMove,West,1.3,Delayed,Weather
O1435,SpeedyMove,Central,3.6,On-Time,
O1436,FastShip,Central,6.4,On-Time,
O1437,QuickLogix,North,4.5,Delayed,Logistics Issue
O1438,SpeedyMove,South,3.0,On-Time,
O1439,CourierX,Central,3.7,On-Time,
O1440,CourierX,Central,5.8,Delayed,Courier Delay
O1441,LogiTrack,East,5.3,Delayed,High Volume
O1442,QuickLogix,South,4.1,On-Time,
O1443,QuickLogix,East,3.9,On-Time,
O1444,LogiTrack,South,3.9,On-Time,
O1445,SpeedyMove,East,3.1,Delayed,Logistics Issue
O1446,QuickLogix,Central,6.9,Delayed,Customs
O1447,CourierX,Central,4.0,On-Time,
O1448,CourierX,North,6.3,On-Time,
O1449,FastShip,East,6.8,Delayed,Customs
O1450,QuickLogix,West,6.0,On-Time,
O1451,SpeedyMove,North,3.9,On-Time,
O1452,LogiTrack,East,5.1,Delayed,Customs
O1453,LogiTrack,East,4.5,On-Time,
O1454,SpeedyMove,North,3.1,On-Time,
O1455,FastShip,Central,5.0,On-Time,
O1456,LogiTrack,East,2.7,On-Time,
O1457,QuickLogix,Central,6.3,Delayed,Logistics Issue
O1458,FastShip,North,3.8,On-Time,
O1459,QuickLogix,Central,4.8,Delayed,High Volume
O1460,CourierX,South,4.9,On-Time,
O1461,FastShip,West,4.1,On-Time,
O1462,LogiTrack,East,5.4,On-Time,
O1463,FastShip,West,3.8,On-Time,
O1464,FastShip,Central,5.8,On-Time,
O1465,FastShip,East,2.5,On-Time,
O1466,FastShip,Central,4.7,On-Time,
O1467,QuickLogix,South,7.4,On-Time,
O1468,CourierX,North,3.0,On-Time,
O1469,SpeedyMove,East,3.5,On-Time,
O1470,FastShip,South,5.3,On-Time,
O1471,LogiTrack,South,4.8,On-Time,
O1472,FastShip,East,5.0,On-Time,
O1473,LogiTrack,Central,5.2,On-Time,
O1474,QuickLogix,South,5.5,On-Time,
O1475,LogiTrack,West,6.2,On-Time,
O1476,SpeedyMove,South,5.1,Delayed,Logistics Issue
O1477,CourierX,Central,4.1,On-Time,
O1478,LogiTrack,Central,5.5,On-Time,
O1479,LogiTrack,West,7.3,On-Time,
O1480,CourierX,South,4.3,On-Time,
O1481,SpeedyMove,Central,3.0,On-Time,
O1482,FastShip,East,6.2,Delayed,Logistics Issue
O1483,LogiTrack,North,4.3,On-Time,
O1484,CourierX,North,1.2,Delayed,Courier Delay
O1485,QuickLogix,North,5.8,On-Time,
O1486,CourierX,South,3.7,On-Time,
O1487,QuickLogix,West,4.4,On-Time,
O1488,SpeedyMove,Central,5.0,On-Time,
O1489,FastShip,East,4.8,On-Time,
O1490,CourierX,East,5.6,On-Time,
O1491,LogiTrack,South,3.8,On-Time,
O1492,SpeedyMove,North,5.3,Delayed,Courier Delay
O1493,CourierX,South,4.1,On-Time,
O1494,LogiTrack,West,5.6,Delayed,High Volume
O1495,CourierX,West,5.4,On-Time,
O1496,QuickLogix,Central,3.1,On-Time,
O1497,CourierX,Central,6.1,On-Time,
O1498,CourierX,West,3.7,Delayed,Courier Delay
O1499,CourierX,West,5.7,On-Time,
O1500,SpeedyMove,West,5.1,On-Time,
O1501,CourierX,South,7.3,On-Time,
O1502,LogiTrack,West,4.2,On-Time,
O1503,QuickLogix,East,4.0,On-Time,
O1504,QuickLogix,North,4.5,On-Time,
O1505,CourierX,West,4.0,On-Time,
O1506,SpeedyMove,North,5.7,On-Time,
O1507,SpeedyMove,South,2.1,On-Time,
O1508,LogiTrack,North,2.9,On-Time,
O1509,CourierX,South,2.9,On-Time,
O1510,QuickLogix,East,5.9,Delayed,Customs
O1511,SpeedyMove,South,7.1,On-Time,
O1512,CourierX,South,4.3,On-Time,
O1513,SpeedyMove,Central,4.2,On-Time,
O1514,SpeedyMove,West,4.6,On-Time,
O1515,QuickLogix,West,6.2,On-Time,
O1516,FastShip,East,3.1,Delayed,Courier Delay
O1517,LogiTrack,East,4.9,On-Time,
O1518,LogiTrack,West,6.0,Delayed,Customs
O1519,QuickLogix,Central,5.3,On-Time,
O1520,SpeedyMove,West,4.8,On-Time,
O1521,CourierX,Central,6.0,On-Time,
O1522,SpeedyMove,East,1.0,Delayed,High Volume
O1523,QuickLogix,North,5.5,On-Time,
O1524,LogiTrack,East,3.5,On-Time,
O1525,SpeedyMove,East,1.8,On-Time,
O1526,LogiTrack,South,5.3,On-Time,
O1527,CourierX,South,6.6,On-Time,
O1528,LogiTrack,South,4.3,On-Time,
O1529,LogiTrack,South,5.9,On-Time,
O1530,FastShip,Central,6.9,On-Time,
O1531,FastShip,West,6.5,On-Time,
O1532,FastShip,North,7.0,Delayed,Logistics Issue
O1533,LogiTrack,East,5.6,On-Time,
O1534,QuickLogix,Central,4.6,On-Time,
O1535,LogiTrack,North,2.1,On-Time,
O1536,QuickLogix,Central,4.1,On-Time,
O1537,QuickLogix,Central,3.2,On-Time,
O1538,FastShip,East,7.8,On-Time,
O1539,SpeedyMove,West,4.2,On-Time,
O1540,CourierX,South,4.7,On-Time,
O1541,FastShip,West,5.3,On-Time,
O1542,FastShip,East,4.6,On-Time,
O1543,SpeedyMove,East,7.0,Delayed,Logistics Issue
O1544,CourierX,East,3.6,On-Time,
O1545,LogiTrack,North,4.8,On-Time,
O1546,LogiTrack,West,3.4,On-Time,
O1547,FastShip,West,2.5,On-Time,
O1548,CourierX,Central,3.6,On-Time,
O1549,FastShip,Central,4.4,Delayed,Courier Delay
O1550,QuickLogix,Central,3.9,Delayed,Customs
O1551,FastShip,East,3.5,On-Time,
O1552,FastShip,West,2.4,Delayed,Weather
O1553,LogiTrack,East,4.4,Delayed,Weather
O1554,LogiTrack,North,2.2,Delayed,Weather
O1555,LogiTrack,Central,5.6,Delayed,Logistics Issue
O1556,QuickLogix,East,4.6,On-Time,
O1557,LogiTrack,East,2.3,On-Time,
O1558,CourierX,North,4.0,On-Time,
O1559,SpeedyMove,South,3.4,On-Time,
O1560,CourierX,West,5.0,Delayed,Logistics Issue
O1561,CourierX,South,6.5,On-Time,
O1562,LogiTrack,Central,1.7,On-Time,
O1563,SpeedyMove,East,4.7,Delayed,Customs
O1564,SpeedyMove,North,4.3,Delayed,Courier Delay
O1565,SpeedyMove,North,5.5,Delayed,Weather
O1566,QuickLogix,West,4.8,On-Time,
O1567,LogiTrack,South,3.4,On-Time,
O1568,SpeedyMove,West,4.0,On-Time,
O1569,QuickLogix,East,3.3,On-Time,
O1570,FastShip,West,6.1,On-Time,
O1571,FastShip,North,4.5,On-Time,
O1572,QuickLogix,North,7.4,Delayed,Customs
O1573,QuickLogix,Central,4.4,On-Time,
O1574,LogiTrack,Central,3.4,On-Time,
O1575,LogiTrack,East,2.2,On-Time,
O1576,FastShip,South,1.8,On-Time,
O1577,SpeedyMove,West,2.1,On-Time,
O1578,FastShip,East,4.9,On-Time,
O1579,SpeedyMove,Central,5.3,On-Time,
O1580,SpeedyMove,West,2.1,On-Time,
O1581,LogiTrack,Central,5.8,On-Time,
O1582,CourierX,West,3.8,Delayed,Customs
O1583,CourierX,South,4.7,On-Time,
O1584,QuickLogix,East,6.9,On-Time,
O1585,LogiTrack,West,5.8,On-Time,
O1586,SpeedyMove,North,4.1,Delayed,Courier Delay
O1587,CourierX,North,3.2,On-Time,
O1588,SpeedyMove,West,1.3,On-Time,
O1589,CourierX,West,3.4,Delayed,Customs
O1590,CourierX,West,4.2,On-Time,
O1591,CourierX,North,3.0,On-Time,
O1592,LogiTrack,North,4.3,On-Time,
O1593,FastShip,West,4.6,On-Time,
O1594,SpeedyMove,Central,4.2,On-Time,
O1595,LogiTrack,Central,3.5,On-Time,
O1596,LogiTrack,South,4.8,Delayed,Courier Delay
O1597,LogiTrack,East,5.2,Delayed,High Volume
O1598,LogiTrack,Central,2.9,On-Time,
O1599,LogiTrack,North,6.6,On-Time,
O1600,QuickLogix,Central,4.4,On-Time,
O1601,SpeedyMove,South,4.5,Delayed,Courier Delay
O1602,LogiTrack,South,5.6,Delayed,Weather
O1603,SpeedyMove,East,4.8,On-Time,
O1604,QuickLogix,Central,5.9,Delayed,Weather
O1605,QuickLogix,North,4.9,On-Time,
O1606,SpeedyMove,North,3.6,On-Time,
O1607,CourierX,West,5.0,On-Time,
O1608,FastShip,North,2.8,On-Time,
O1609,CourierX,East,4.7,On-Time,
O1610,CourierX,East,4.5,On-Time,
O1611,CourierX,North,4.2,On-Time,
O1612,LogiTrack,North,4.3,Delayed,Courier Delay
O1613,QuickLogix,West,1.7,On-Time,
O1614,CourierX,North,3.7,On-Time,
O1615,QuickLogix,West,4.6,On-Time,
O1616,SpeedyMove,West,4.7,On-Time,
O1617,FastShip,North,3.0,On-Time,
O1618,SpeedyMove,South,6.4,On-Time,
O1619,SpeedyMove,South,3.2,On-Time,
O1620,LogiTrack,West,6.0,On-Time,
O1621,FastShip,North,5.1,On-Time,
O1622,SpeedyMove,South,3.5,On-Time,
O1623,SpeedyMove,North,7.2,On-Time,
O1624,FastShip,North,2.7,On-Time,
O1625,FastShip,North,5.9,On-Time,
O1626,SpeedyMove,Central,6.0,Delayed,High Volume
O1627,FastShip,North,3.5,On-Time,
O1628,SpeedyMove,Central,6.6,On-Time,
O1629,SpeedyMove,West,4.1,On-Time,
O1630,LogiTrack,South,4.9,On-Time,
O1631,CourierX,South,4.9,On-Time,
O1632,SpeedyMove,South,4.3,Delayed,High Volume
O1633,QuickLogix,South,5.7,Delayed,Weather
O1634,CourierX,South,5.7,Delayed,High Volume
O1635,CourierX,South,1.9,On-Time,
O1636,CourierX,South,6.5,On-Time,
O1637,LogiTrack,West,2.0,On-Time,
O1638,SpeedyMove,North,6.0,On-Time,
O1639,LogiTrack,East,6.2,On-Time,
O1640,SpeedyMove,Central,2.9,On-Time,
O1641,LogiTrack,East,3.9,Delayed,Customs
O1642,LogiTrack,East,2.8,On-Time,
O1643,QuickLogix,North,4.2,On-Time,
O1644,LogiTrack,North,4.0,On-Time,
O1645,FastShip,North,5.7,On-Time,
O1646,QuickLogix,South,6.5,On-Time,
O1647,LogiTrack,West,6.6,On-Time,
O1648,CourierX,South,3.7,On-Time,
O1649,FastShip,West,4.2,On-Time,
O1650,FastShip,West,2.0,Delayed,Logistics Issue
O1651,FastShip,East,3.3,Delayed,Customs
O1652,QuickLogix,East,5.9,On-Time,
O1653,LogiTrack,West,6.9,On-Time,
O1654,LogiTrack,West,2.6,Delayed,Weather
O1655,CourierX,South,3.6,Delayed,High Volume
O1656,CourierX,South,4.5,On-Time,
O1657,FastShip,East,4.9,On-Time,
O1658,CourierX,North,3.3,On-Time,
O1659,QuickLogix,West,5.1,Delayed,Courier Delay
O1660,LogiTrack,South,3.8,Delayed,Logistics Issue
O1661,FastShip,East,4.5,On-Time,
O1662,CourierX,South,5.3,Delayed,Courier Delay
O1663,QuickLogix,West,4.5,On-Time,
O1664,QuickLogix,West,3.8,Delayed,Weather
O1665,CourierX,Central,4.3,On-Time,
O1666,LogiTrack,North,4.4,Delayed,High Volume
O1667,CourierX,Central,3.9,On-Time,
O1668,FastShip,East,4.1,On-Time,
O1669,CourierX,South,6.9,On-Time,
O1670,QuickLogix,East,5.3,Delayed,Courier Delay
O1671,CourierX,West,4.1,Delayed,Courier Delay
O1672,LogiTrack,Central,5.5,Delayed,Logistics Issue
O1673,SpeedyMove,Central,4.0,Delayed,Logistics Issue
O1674,CourierX,Central,6.3,On-Time,
O1675,LogiTrack,East,5.1,On-Time,
O1676,LogiTrack,West,4.3,On-Time,
O1677,QuickLogix,South,5.2,On-Time,
O1678,LogiTrack,South,2.1,On-Time,
O1679,LogiTrack,East,2.8,On-Time,
O1680,LogiTrack,Central,2.7,On-Time,
O1681,LogiTrack,North,4.7,On-Time,
O1682,FastShip,East,7.1,On-Time,
O1683,FastShip,East,7.8,On-Time,
O1684,QuickLogix,West,5.5,Delayed,High Volume
O1685,CourierX,South,5.3,On-Time,
O1686,LogiTrack,East,1.8,Delayed,Logistics Issue
O1687,CourierX,East,3.7,On-Time,
O1688,CourierX,Central,3.3,On-Time,
O1689,QuickLogix,Central,3.6,Delayed,Courier Delay
O1690,LogiTrack,North,4.2,On-Time,
O1691,LogiTrack,West,3.8,On-Time,
O1692,SpeedyMove,North,1.5,On-Time,
O1693,CourierX,Central,5.6,On-Time,
O1694,CourierX,South,2.9,On-Time,
O1695,FastShip,Central,4.9,On-Time,
O1696,SpeedyMove,West,7.6,On-Time,
O1697,FastShip,Central,3.1,On-Time,
O1698,FastShip,West,1.0,On-Time,
O1699,FastShip,West,4.1,Delayed,Courier Delay
O1700,QuickLogix,West,6.2,On-Time,
O1701,QuickLogix,West,7.4,On-Time,
O1702,FastShip,West,2.7,Delayed,Weather
O1703,SpeedyMove,South,5.2,On-Time,
O1704,CourierX,North,3.8,On-Time,
O1705,SpeedyMove,East,4.3,On-Time,
O1706,LogiTrack,North,8.5,On-Time,
O1707,QuickLogix,West,2.2,On-Time,
O1708,CourierX,South,4.9,Delayed,Courier Delay
O1709,CourierX,Central,5.2,On-Time,
O1710,LogiTrack,South,6.1,On-Time,
O1711,LogiTrack,West,4.6,On-Time,
O1712,FastShip,South,5.0,On-Time,
O1713,QuickLogix,South,3.9,On-Time,
O1714,QuickLogix,West,4.9,On-Time,
O1715,SpeedyMove,South,4.0,On-Time,
O1716,FastShip,East,5.4,On-Time,
O1717,FastShip,East,3.9,On-Time,
O1718,FastShip,South,5.1,On-Time,
O1719,FastShip,Central,4.5,Delayed,High Volume
O1720,QuickLogix,West,6.2,On-Time,
O1721,QuickLogix,East,4.4,On-Time,
O1722,FastShip,Central,1.8,On-Time,
O1723,SpeedyMove,South,6.4,On-Time,
O1724,CourierX,Central,3.1,On-Time,
O1725,CourierX,North,3.5,On-Time,
O1726,SpeedyMove,East,3.6,On-Time,
O1727,FastShip,South,6.6,Delayed,Customs
O1728,QuickLogix,West,1.3,On-Time,
O1729,CourierX,South,9.2,On-Time,
O1730,LogiTrack,West,6.1,Delayed,Weather
O1731,LogiTrack,South,4.8,Delayed,Weather
O1732,SpeedyMove,Central,4.4,Delayed,High Volume
O1733,FastShip,Central,4.9,On-Time,
O1734,CourierX,Central,5.3,On-Time,
O1735,FastShip,North,5.5,On-Time,
O1736,CourierX,West,5.3,On-Time,
O1737,SpeedyMove,Central,4.6,On-Time,
O1738,SpeedyMove,North,4.2,On-Time,
O1739,LogiTrack,West,4.3,Delayed,High Volume
O1740,FastShip,South,4.2,On-Time,
O1741,LogiTrack,North,6.2,Delayed,Logistics Issue
O1742,FastShip,East,5.4,On-Time,
O1743,LogiTrack,North,1.0,On-Time,
O1744,QuickLogix,North,5.5,On-Time,
O1745,QuickLogix,West,4.8,On-Time,
O1746,QuickLogix,South,4.5,On-Time,
O1747,QuickLogix,East,3.9,On-Time,
O1748,CourierX,Central,6.2,Delayed,Weather
O1749,QuickLogix,Central,5.9,On-Time,
O1750,SpeedyMove,North,3.3,On-Time,
O1751,SpeedyMove,West,5.1,On-Time,
O1752,CourierX,West,3.0,On-Time,
O1753,QuickLogix,Central,2.4,On-Time,
O1754,QuickLogix,East,3.6,On-Time,
O1755,QuickLogix,South,5.8,On-Time,
O1756,LogiTrack,East,5.9,On-Time,
O1757,FastShip,South,5.3,On-Time,
O1758,LogiTrack,Central,5.6,On-Time,
O1759,FastShip,South,5.3,On-Time,
O1760,QuickLogix,West,3.5,On-Time,
O1761,QuickLogix,North,5.1,On-Time,
O1762,LogiTrack,North,5.7,On-Time,
O1763,LogiTrack,Central,5.6,On-Time,
O1764,FastShip,West,6.3,Delayed,Logistics Issue
O1765,SpeedyMove,East,5.6,On-Time,
O1766,FastShip,West,5.0,Delayed,Courier Delay
O1767,LogiTrack,North,6.1,Delayed,Weather
O1768,LogiTrack,North,4.5,On-Time,
O1769,CourierX,West,3.2,On-Time,
O1770,LogiTrack,West,4.3,On-Time,
O1771,CourierX,North,3.4,Delayed,Weather
O1772,SpeedyMove,East,3.5,On-Time,
O1773,FastShip,Central,4.3,On-Time,
O1774,FastShip,Central,3.3,On-Time,
O1775,CourierX,West,4.0,Delayed,Customs
O1776,FastShip,Central,1.7,Delayed,Weather
O1777,LogiTrack,North,4.8,On-Time,
O1778,QuickLogix,North,4.5,On-Time,
O1779,CourierX,West,3.3,On-Time,
O1780,FastShip,West,5.5,On-Time,
O1781,CourierX,West,5.9,Delayed,Courier Delay
O1782,CourierX,East,2.1,On-Time,
O1783,QuickLogix,Central,3.4,On-Time,
O1784,LogiTrack,West,3.3,On-Time,
O1785,CourierX,South,3.1,Delayed,Logistics Issue
O1786,FastShip,South,5.7,Delayed,Logistics Issue
O1787,SpeedyMove,North,4.2,On-Time,
O1788,CourierX,Central,4.1,On-Time,
O1789,CourierX,West,1.5,On-Time,
O1790,QuickLogix,South,5.5,On-Time,
O1791,LogiTrack,Central,2.6,On-Time,
O1792,SpeedyMove,North,4.6,On-Time,
O1793,FastShip,East,4.9,On-Time,
O1794,SpeedyMove,Central,6.5,Delayed,Customs
O1795,FastShip,Central,2.5,On-Time,
O1796,LogiTrack,East,1.0,On-Time,
O1797,FastShip,Central,4.8,On-Time,
O1798,QuickLogix,North,7.2,On-Time,
O1799,QuickLogix,North,6.4,Delayed,Courier Delay
O1800,QuickLogix,East,4.8,On-Time,
O1801,QuickLogix,West,3.8,On-Time,
O1802,SpeedyMove,South,5.7,On-Time,
O1803,LogiTrack,West,3.0,On-Time,
O1804,FastShip,Central,5.2,On-Time,
O1805,FastShip,South,5.3,On-Time,
O1806,QuickLogix,East,6.1,On-Time,
O1807,QuickLogix,East,8.6,Delayed,Logistics Issue
O1808,CourierX,South,5.1,On-Time,
O1809,LogiTrack,North,3.7,On-Time,
O1810,SpeedyMove,South,4.5,Delayed,High Volume
O1811,FastShip,Central,1.8,On-Time,
O1812,CourierX,North,3.5,On-Time,
O1813,CourierX,East,3.9,On-Time,
O1814,FastShip,South,3.7,On-Time,
O1815,SpeedyMove,West,4.7,On-Time,
O1816,CourierX,West,3.3,On-Time,
O1817,CourierX,Central,6.2,Delayed,Courier Delay
O1818,LogiTrack,West,4.5,On-Time,
O1819,SpeedyMove,South,4.5,On-Time,
O1820,CourierX,South,4.0,On-Time,
O1821,SpeedyMove,West,4.7,On-Time,
O1822,FastShip,South,5.7,On-Time,
O1823,QuickLogix,Central,3.2,On-Time,
O1824,CourierX,North,3.5,Delayed,Courier Delay
O1825,LogiTrack,Central,4.0,On-Time,
O1826,FastShip,Central,2.5,On-Time,
O1827,SpeedyMove,South,3.3,On-Time,
O1828,FastShip,North,3.8,On-Time,
O1829,CourierX,South,5.8,On-Time,
O1830,SpeedyMove,East,4.9,On-Time,
O1831,QuickLogix,South,4.8,On-Time,
O1832,FastShip,South,5.8,On-Time,
O1833,CourierX,South,4.3,On-Time,
O1834,LogiTrack,North,5.1,On-Time,
O1835,SpeedyMove,South,4.3,On-Time,
O1836,FastShip,North,4.9,Delayed,Customs
O1837,FastShip,West,3.6,On-Time,
O1838,QuickLogix,East,1.0,On-Time,
O1839,QuickLogix,North,4.3,On-Time,
O1840,LogiTrack,West,6.6,On-Time,
O1841,LogiTrack,North,5.9,On-Time,
O1842,CourierX,North,5.9,On-Time,
O1843,CourierX,East,6.4,On-Time,
O1844,LogiTrack,Central,4.6,Delayed,Logistics Issue
O1845,LogiTrack,Central,4.8,On-Time,
O1846,SpeedyMove,North,3.6,On-Time,
O1847,QuickLogix,South,4.0,On-Time,
O1848,CourierX,West,5.4,Delayed,Courier Delay
O1849,QuickLogix,South,6.3,On-Time,
O1850,QuickLogix,South,4.3,On-Time,
O1851,LogiTrack,North,3.8,On-Time,
O1852,SpeedyMove,North,4.5,On-Time,
O1853,FastShip,North,5.4,On-Time,
O1854,SpeedyMove,North,2.3,Delayed,Logistics Issue
O1855,SpeedyMove,Central,1.1,On-Time,
O1856,QuickLogix,North,3.7,Delayed,High Volume
O1857,SpeedyMove,Central,2.7,On-Time,
O1858,CourierX,Central,3.7,On-Time,
O1859,QuickLogix,North,4.3,On-Time,
O1860,CourierX,East,3.8,On-Time,
O1861,FastShip,West,6.7,Delayed,Customs
O1862,QuickLogix,South,5.0,Delayed,High Volume
O1863,FastShip,Central,5.0,Delayed,Customs
O1864,QuickLogix,West,5.4,On-Time,
O1865,LogiTrack,East,2.8,On-Time,
O1866,SpeedyMove,South,6.1,On-Time,
O1867,LogiTrack,South,4.4,Delayed,Courier Delay
O1868,FastShip,Central,5.5,On-Time,
O1869,SpeedyMove,North,2.9,On-Time,
O1870,QuickLogix,East,2.2,On-Time,
O1871,SpeedyMove,Central,5.7,On-Time,
O1872,CourierX,East,5.1,Delayed,Customs
O1873,SpeedyMove,North,3.1,On-Time,
O1874,CourierX,North,3.2,On-Time,
O1875,SpeedyMove,Central,6.2,On-Time,
O1876,CourierX,North,2.7,On-Time,
O1877,FastShip,West,7.0,On-Time,
O1878,LogiTrack,South,3.1,On-Time,
O1879,QuickLogix,Central,5.5,Delayed,Weather
O1880,SpeedyMove,East,4.0,Delayed,Logistics Issue
O1881,LogiTrack,West,5.4,On-Time,
O1882,QuickLogix,Central,3.7,On-Time,
O1883,QuickLogix,North,4.3,Delayed,Logistics Issue
O1884,CourierX,North,4.6,On-Time,
O1885,FastShip,North,3.0,On-Time,
O1886,FastShip,North,5.6,On-Time,
O1887,LogiTrack,East,3.7,On-Time,
O1888,FastShip,West,4.2,On-Time,
O1889,SpeedyMove,South,3.0,Delayed,Weather
O1890,FastShip,East,1.0,On-Time,
O1891,LogiTrack,East,4.2,On-Time,
O1892,FastShip,South,8.1,On-Time,
O1893,SpeedyMove,South,5.7,On-Time,
O1894,CourierX,North,4.5,On-Time,
O1895,LogiTrack,East,4.1,On-Time,
O1896,CourierX,Central,4.5,On-Time,
O1897,CourierX,South,5.3,On-Time,
O1898,CourierX,South,2.7,Delayed,High Volume
O1899,QuickLogix,West,6.2,Delayed,Weather
O1900,QuickLogix,Central,5.6,On-Time,
O1901,CourierX,Central,5.6,On-Time,
O1902,LogiTrack,South,5.2,On-Time,
O1903,SpeedyMove,North,4.5,On-Time,
O1904,SpeedyMove,West,5.5,On-Time,
O1905,FastShip,Central,5.4,On-Time,
O1906,LogiTrack,South,4.0,On-Time,
O1907,QuickLogix,Central,3.6,Delayed,Courier Delay
O1908,CourierX,West,4.7,Delayed,Courier Delay
O1909,FastShip,West,6.8,Delayed,Logistics Issue
O1910,SpeedyMove,East,2.6,On-Time,
O1911,QuickLogix,South,2.3,On-Time,
O1912,QuickLogix,West,4.7,On-Time,
O1913,CourierX,East,4.6,On-Time,
O1914,SpeedyMove,East,4.8,On-Time,
O1915,LogiTrack,Central,4.9,On-Time,
O1916,QuickLogix,Central,4.2,On-Time,
O1917,CourierX,East,6.7,Delayed,Courier Delay
O1918,LogiTrack,Central,2.1,On-Time,
O1919,SpeedyMove,West,3.3,On-Time,
O1920,QuickLogix,North,4.3,On-Time,
O1921,LogiTrack,West,2.0,On-Time,
O1922,LogiTrack,East,4.2,On-Time,
O1923,LogiTrack,East,7.0,On-Time,
O1924,QuickLogix,West,4.5,On-Time,
O1925,QuickLogix,Central,4.8,On-Time,
O1926,FastShip,Central,2.6,On-Time,
O1927,SpeedyMove,East,3.6,On-Time,
O1928,CourierX,South,3.9,On-Time,
O1929,LogiTrack,Central,4.0,Delayed,Logistics Issue
O1930,FastShip,West,6.4,On-Time,
O1931,CourierX,Central,5.3,On-Time,
O1932,FastShip,West,2.8,On-Time,
O1933,QuickLogix,East,4.9,Delayed,Weather
O1934,LogiTrack,Central,5.2,Delayed,Weather
O1935,CourierX,West,6.2,On-Time,
O1936,CourierX,East,6.9,On-Time,
O1937,CourierX,South,3.0,Delayed,Weather
O1938,CourierX,West,3.3,On-Time,
O1939,CourierX,South,2.6,On-Time,
O1940,FastShip,South,4.1,On-Time,
O1941,LogiTrack,North,5.2,Delayed,Logistics Issue
O1942,QuickLogix,Central,6.0,Delayed,Weather
O1943,QuickLogix,West,4.4,On-Time,
O1944,QuickLogix,South,4.0,On-Time,
O1945,QuickLogix,North,4.7,On-Time,
O1946,FastShip,East,3.2,On-Time,
O1947,SpeedyMove,West,7.6,Delayed,Weather
O1948,LogiTrack,South,2.1,On-Time,
O1949,CourierX,Central,4.8,On-Time,
O1950,SpeedyMove,North,7.5,On-Time,
O1951,QuickLogix,South,4.5,On-Time,
O1952,SpeedyMove,Central,4.2,On-Time,
O1953,LogiTrack,South,4.0,On-Time,
O1954,CourierX,West,4.2,On-Time,
O1955,CourierX,West,6.6,On-Time,
O1956,LogiTrack,West,1.2,On-Time,
O1957,LogiTrack,North,6.8,On-Time,
O1958,QuickLogix,West,2.4,On-Time,
O1959,CourierX,Central,4.1,Delayed,High Volume
O1960,SpeedyMove,South,3.9,Delayed,Weather
O1961,FastShip,East,5.4,Delayed,Courier Delay
O1962,FastShip,Central,2.1,On-Time,
O1963,LogiTrack,Central,5.2,Delayed,Logistics Issue
O1964,QuickLogix,West,7.5,On-Time,
O1965,FastShip,North,2.5,On-Time,
O1966,CourierX,South,4.8,On-Time,
O1967,LogiTrack,North,3.5,On-Time,
O1968,SpeedyMove,South,5.1,On-Time,
O1969,LogiTrack,South,4.5,On-Time,
O1970,SpeedyMove,North,3.5,On-Time,
O1971,LogiTrack,Central,5.2,On-Time,
O1972,LogiTrack,South,7.2,On-Time,
O1973,LogiTrack,North,4.2,On-Time,
O1974,SpeedyMove,South,5.6,On-Time,
O1975,SpeedyMove,East,2.6,Delayed,High Volume
O1976,LogiTrack,Central,3.1,Delayed,Customs
O1977,FastShip,West,5.2,On-Time,
O1978,QuickLogix,South,6.7,On-Time,
O1979,QuickLogix,East,5.0,On-Time,
O1980,QuickLogix,West,4.0,Delayed,Logistics Issue
O1981,SpeedyMove,West,4.5,On-Time,
O1982,SpeedyMove,South,2.6,On-Time,
O1983,FastShip,North,5.4,On-Time,
O1984,QuickLogix,South,5.8,On-Time,
O1985,QuickLogix,East,3.8,On-Time,
O1986,LogiTrack,West,3.8,Delayed,Courier Delay
O1987,SpeedyMove,South,4.9,On-Time,
O1988,QuickLogix,North,3.8,On-Time,
O1989,FastShip,South,4.4,Delayed,Logistics Issue
O1990,FastShip,Central,7.6,Delayed,Courier Delay
O1991,QuickLogix,North,4.1,On-Time,
O1992,SpeedyMove,East,4.0,On-Time,
O1993,FastShip,West,3.5,On-Time,
O1994,LogiTrack,South,5.6,Delayed,Courier Delay
O1995,FastShip,North,4.2,On-Time,
O1996,CourierX,Central,3.5,Delayed,Customs
O1997,CourierX,North,6.5,On-Time,
O1998,SpeedyMove,Central,6.6,On-Time,
O1999,QuickLogix,East,3.6,On-Time,
